18/08/26 08:00,14,,
18/08/26 08:10,10,0,0,0
18/08/26 08:20,10,0,0,0
18/08/26 08:30,10,0,0,0
18/08/26 08:40,10,0,0,0
18/08/26 08:50,10,0,0,0
18/08/26 09:00,10,0,0,0
18/08/26 09:10,10,0,0,0
18/08/26 09:20,10,0,0,0
18/08/26 09:30,10,0,0,0
18/08/26 09:40,10,0,0,0
18/08/26 09:50,10,0,0,0
18/08/26 10:00,10,0,0,0
18/08/26 10:10,10,0,0,0
18/08/26 10:20,10,0,0,0
18/08/26 10:30,10,0,0,0
18/08/26 10:40,10,0,0,0
18/08/26 10:50,10,0,0,0
18/08/26 11:00,10,0,0,0
18/08/26 11:10,10,0,0,0
18/08/26 11:20,10,0,0,0
18/08/26 11:30,10,0,0,0
18/08/26 11:40,10,0,0,0
18/08/26 11:50,10,0,0,0
18/08/26 12:00,10,0,0,0
18/08/26 12:10,10,0,0,0
18/08/26 12:20,10,0,0,0
18/08/26 12:30,10,0,0,0
18/08/26 12:40,10,0,0,0
18/08/26 12:50,10,0,0,0
18/08/26 13:00,10,0,0,0
18/08/26 13:10,10,0,0,0
18/08/26 13:20,10,0,0,0
18/08/26 13:30,10,0,0,0
18/08/26 13:40,10,0,0,0
18/08/26 13:50,10,0,0,0
18/08/26 14:00,10,0,0,0
18/08/26 14:10,10,0,0,0
18/08/26 14:20,10,0,0,0
18/08/26 14:30,10,0,0,0
18/08/26 14:40,10,0,0,0
18/08/26 14:50,10,0,0,0
18/08/26 15:00,10,0,0,0
18/08/26 15:10,10,0,0,0
18/08/26 15:20,10,0,0,0
18/08/26 15:30,10,0,0,0
18/08/26 15:40,10,0,0,0
18/08/26 15:50,10,0,0,0
18/08/26 16:00,10,0,0,0
18/08/26 16:10,10,0,0,0
18/08/26 16:20,10,0,0,0
18/08/26 16:30,10,0,0,0
18/08/26 16:40,10,0,0,0
18/08/26 16:50,10,0,0,0
18/08/26 17:00,10,0,0,0
18/08/26 17:10,10,0,0,0
18/08/26 17:20,10,0,0,0
18/08/26 17:30,10,0,0,0
18/08/26 17:40,10,0,0,0
18/08/26 17:50,10,0,0,0
18/08/26 18:00,10,0,0,0
18/08/26 18:10,10,0,0,0
18/08/26 18:20,10,0,0,0
18/08/26 18:30,10,0,0,0
18/08/26 18:40,10,0,0,0
18/08/26 18:50,10,0,0,0
18/08/26 19:00,10,0,0,0
18/08/26 19:10,10,0,0,0
18/08/26 19:20,10,0,0,0
18/08/26 19:30,10,0,0,0
18/08/26 19:40,10,0,0,0
18/08/26 19:50,10,0,0,0
18/08/26 20:00,10,0,0,0
19/08/26 08:00,14,,
19/08/26 08:10,10,0,0,0
19/08/26 08:20,10,0,0,0
19/08/26 08:30,10,0,0,0
19/08/26 08:40,10,0,0,0
19/08/26 08:50,10,0,0,0
19/08/26 09:00,10,0,0,0
19/08/26 09:10,10,0,0,0
19/08/26 09:20,10,0,0,0
19/08/26 09:30,10,0,0,0
19/08/26 09:40,10,0,0,0
19/08/26 09:50,10,0,0,0
19/08/26 10:00,10,0,0,0
19/08/26 10:10,10,0,0,0
19/08/26 10:20,10,0,0,0
19/08/26 10:30,10,0,0,0
19/08/26 10:40,10,0,0,0
19/08/26 10:50,10,0,0,0
19/08/26 11:00,10,0,0,0
19/08/26 11:10,10,0,0,0
19/08/26 11:20,10,0,0,0
19/08/26 11:30,10,0,0,0
19/08/26 11:40,10,0,0,0
19/08/26 11:50,10,0,0,0
19/08/26 12:00,10,0,0,0
19/08/26 12:10,10,0,0,0
19/08/26 12:20,10,0,0,0
19/08/26 12:30,10,0,0,0
19/08/26 12:40,10,0,0,0
19/08/26 12:50,10,0,0,0
19/08/26 13:00,10,0,0,0
19/08/26 13:10,10,0,0,0
19/08/26 13:20,10,0,0,0
19/08/26 13:30,10,0,0,0
19/08/26 13:40,10,0,0,0
19/08/26 13:50,10,0,0,0
19/08/26 14:00,10,0,0,0
19/08/26 14:10,10,0,0,0
19/08/26 14:20,10,0,0,0
19/08/26 14:30,10,0,0,0
19/08/26 14:40,10,0,0,0
19/08/26 14:50,10,0,0,0
19/08/26 15:00,10,0,0,0
19/08/26 15:10,10,0,0,0
19/08/26 15:20,10,0,0,0
19/08/26 15:30,10,0,0,0
19/08/26 15:40,10,0,0,0
19/08/26 15:50,10,0,0,0
19/08/26 16:00,10,0,0,0
19/08/26 16:10,10,0,0,0
19/08/26 16:20,10,0,0,0
19/08/26 16:30,10,0,0,0
19/08/26 16:40,10,0,0,0
19/08/26 16:50,10,0,0,0
19/08/26 17:00,10,0,0,0
19/08/26 17:10,10,0,0,0
19/08/26 17:20,10,0,0,0
19/08/26 17:30,10,0,0,0
19/08/26 17:40,10,0,0,0
19/08/26 17:50,10,0,0,0
19/08/26 18:00,10,0,0,0
19/08/26 18:10,10,0,0,0
19/08/26 18:20,10,0,0,0
19/08/26 18:30,10,0,0,0
19/08/26 18:40,10,0,0,0
19/08/26 18:50,10,0,0,0
19/08/26 19:00,10,0,0,0
19/08/26 19:10,10,0,0,0
19/08/26 19:20,10,0,0,0
19/08/26 19:30,10,0,0,0
19/08/26 19:40,10,0,0,0
19/08/26 19:50,10,0,0,0
19/08/26 20:00,10,0,0,0
20/08/26 08:00,14,,
20/08/26 08:10,10,0,0,0
20/08/26 08:20,10,0,0,0
20/08/26 08:30,10,0,0,0
20/08/26 08:40,10,0,0,0
20/08/26 08:50,10,0,0,0
20/08/26 09:00,10,0,0,0
20/08/26 09:10,10,0,0,0
20/08/26 09:20,10,0,0,0
20/08/26 09:30,10,0,0,0
20/08/26 09:40,10,0,0,0
20/08/26 09:50,10,0,0,0
20/08/26 10:00,10,0,0,0
20/08/26 10:10,10,0,0,0
20/08/26 10:20,10,0,0,0
20/08/26 10:30,10,0,0,0
20/08/26 10:40,10,0,0,0
20/08/26 10:50,10,0,0,0
20/08/26 11:00,10,0,0,0
20/08/26 11:10,10,0,0,0
20/08/26 11:20,10,0,0,0
20/08/26 11:30,10,0,0,0
20/08/26 11:40,10,0,0,0
20/08/26 11:50,10,0,0,0
20/08/26 12:00,10,0,0,0
20/08/26 12:10,10,0,0,0
20/08/26 12:20,10,0,0,0
20/08/26 12:30,10,0,0,0
20/08/26 12:40,10,0,0,0
20/08/26 12:50,10,0,0,0
20/08/26 13:00,10,0,0,0
20/08/26 13:10,10,0,0,0
20/08/26 13:20,10,0,0,0
20/08/26 13:30,10,0,0,0
20/08/26 13:40,10,0,0,0
20/08/26 13:50,10,0,0,0
20/08/26 14:00,10,0,0,0
20/08/26 14:10,10,0,0,0
20/08/26 14:20,10,0,0,0
20/08/26 14:30,10,0,0,0
20/08/26 14:40,10,0,0,0
20/08/26 14:50,10,0,0,0
20/08/26 15:00,10,0,0,0
20/08/26 15:10,10,0,0,0
20/08/26 15:20,10,0,0,0
20/08/26 15:30,10,0,0,0
20/08/26 15:40,10,0,0,0
20/08/26 15:50,10,0,0,0
20/08/26 16:00,10,0,0,0
20/08/26 16:10,10,0,0,0
20/08/26 16:20,10,0,0,0
20/08/26 16:30,10,0,0,0
20/08/26 16:40,10,0,0,0
20/08/26 16:50,10,0,0,0
20/08/26 17:00,10,0,0,0
20/08/26 17:10,10,0,0,0
20/08/26 17:20,10,0,0,0
20/08/26 17:30,10,0,0,0
20/08/26 17:40,10,0,0,0
20/08/26 17:50,10,0,0,0
20/08/26 18:00,10,0,0,0
20/08/26 18:10,10,0,0,0
20/08/26 18:20,10,0,0,0
20/08/26 18:30,10,0,0,0
20/08/26 18:40,10,0,0,0
20/08/26 18:50,10,0,0,0
20/08/26 19:00,10,0,0,0
20/08/26 19:10,10,0,0,0
20/08/26 19:20,10,0,0,0
20/08/26 19:30,10,0,0,0
20/08/26 19:40,10,0,0,0
20/08/26 19:50,10,0,0,0
20/08/26 20:00,10,0,0,0
21/08/26 08:00,14,,
21/08/26 08:10,10,0,0,0
21/08/26 08:20,10,0,0,0
21/08/26 08:30,10,0,0,0
21/08/26 08:40,10,0,0,0
21/08/26 08:50,10,0,0,0
21/08/26 09:00,10,0,0,0
21/08/26 09:10,10,0,0,0
21/08/26 09:20,10,0,0,0
21/08/26 09:30,10,0,0,0
21/08/26 09:40,10,0,0,0
21/08/26 09:50,10,0,0,0
21/08/26 10:00,10,0,0,0
21/08/26 10:10,10,0,0,0
21/08/26 10:20,10,0,0,0
21/08/26 10:30,10,0,0,0
21/08/26 10:40,10,0,0,0
21/08/26 10:50,10,0,0,0
21/08/26 11:00,10,0,0,0
21/08/26 11:10,10,0,0,0
21/08/26 11:20,10,0,0,0
21/08/26 11:30,10,0,0,0
21/08/26 11:40,10,0,0,0
21/08/26 11:50,10,0,0,0
21/08/26 12:00,10,0,0,0
21/08/26 12:10,10,0,0,0
21/08/26 12:20,10,0,0,0
21/08/26 12:30,10,0,0,0
21/08/26 12:40,10,0,0,0
21/08/26 12:50,10,0,0,0
21/08/26 13:00,10,0,0,0
21/08/26 13:10,10,0,0,0
21/08/26 13:20,10,0,0,0
21/08/26 13:30,10,0,0,0
21/08/26 13:40,10,0,0,0
21/08/26 13:50,10,0,0,0
21/08/26 14:00,10,0,0,0
21/08/26 14:10,10,0,0,0
21/08/26 14:20,10,0,0,0
21/08/26 14:30,10,0,0,0
21/08/26 14:40,10,0,0,0
21/08/26 14:50,10,0,0,0
21/08/26 15:00,10,0,0,0
21/08/26 15:10,10,0,0,0
21/08/26 15:20,10,0,0,0
21/08/26 15:30,10,0,0,0
21/08/26 15:40,10,0,0,0
21/08/26 15:50,10,0,0,0
21/08/26 16:00,10,0,0,0
21/08/26 16:10,10,0,0,0
21/08/26 16:20,10,0,0,0
21/08/26 16:30,10,0,0,0
21/08/26 16:40,10,0,0,0
21/08/26 16:50,10,0,0,0
21/08/26 17:00,10,0,0,0
21/08/26 17:10,10,0,0,0
21/08/26 17:20,10,0,0,0
21/08/26 17:30,10,0,0,0
21/08/26 17:40,10,0,0,0
21/08/26 17:50,10,0,0,0
21/08/26 18:00,10,0,0,0
21/08/26 18:10,10,0,0,0
21/08/26 18:20,10,0,0,0
21/08/26 18:30,10,0,0,0
21/08/26 18:40,10,0,0,0
21/08/26 18:50,10,0,0,0
21/08/26 19:00,10,0,0,0
21/08/26 19:10,10,0,0,0
21/08/26 19:20,10,0,0,0
21/08/26 19:30,10,0,0,0
21/08/26 19:40,10,0,0,0
21/08/26 19:50,10,0,0,0
21/08/26 20:00,10,0,0,0
22/08/26 08:00,14,,
22/08/26 08:10,10,0,0,0
22/08/26 08:20,10,0,0,0
22/08/26 08:30,10,0,0,0
22/08/26 08:40,10,0,0,0
22/08/26 08:50,10,0,0,0
22/08/26 09:00,10,0,0,0
22/08/26 09:10,10,0,0,0
22/08/26 09:20,10,0,0,0
22/08/26 09:30,10,0,0,0
22/08/26 09:40,10,0,0,0
22/08/26 09:50,10,0,0,0
22/08/26 10:00,10,0,0,0
22/08/26 10:10,10,0,0,0
22/08/26 10:20,10,0,0,0
22/08/26 10:30,10,0,0,0
22/08/26 10:40,10,0,0,0
22/08/26 10:50,10,0,0,0
22/08/26 11:00,10,0,0,0
22/08/26 11:10,10,0,0,0
22/08/26 11:20,10,0,0,0
22/08/26 11:30,10,0,0,0
22/08/26 11:40,10,0,0,0
22/08/26 11:50,10,0,0,0
22/08/26 12:00,10,0,0,0
22/08/26 12:10,10,0,0,0
22/08/26 12:20,10,0,0,0
22/08/26 12:30,10,0,0,0
22/08/26 12:40,10,0,0,0
22/08/26 12:50,10,0,0,0
22/08/26 13:00,10,0,0,0
22/08/26 13:10,10,0,0,0
22/08/26 13:20,10,0,0,0
22/08/26 13:30,10,0,0,0
22/08/26 13:40,10,0,0,0
22/08/26 13:50,10,0,0,0
22/08/26 14:00,10,0,0,0
22/08/26 14:10,10,0,0,0
22/08/26 14:20,10,0,0,0
22/08/26 14:30,10,0,0,0
22/08/26 14:40,10,0,0,0
22/08/26 14:50,10,0,0,0
22/08/26 15:00,10,0,0,0
22/08/26 15:10,10,0,0,0
22/08/26 15:20,10,0,0,0
22/08/26 15:30,10,0,0,0
22/08/26 15:40,10,0,0,0
22/08/26 15:50,10,0,0,0
22/08/26 16:00,10,0,0,0
22/08/26 16:10,10,0,0,0
22/08/26 16:20,10,0,0,0
22/08/26 16:30,10,0,0,0
22/08/26 16:40,10,0,0,0
22/08/26 16:50,10,0,0,0
22/08/26 17:00,10,0,0,0
22/08/26 17:10,10,0,0,0
22/08/26 17:20,10,0,0,0
22/08/26 17:30,10,0,0,0
22/08/26 17:40,10,0,0,0
22/08/26 17:50,10,0,0,0
22/08/26 18:00,10,0,0,0
22/08/26 18:10,10,0,0,0
22/08/26 18:20,10,0,0,0
22/08/26 18:30,10,0,0,0
22/08/26 18:40,10,0,0,0
22/08/26 18:50,10,0,0,0
22/08/26 19:00,10,0,0,0
22/08/26 19:10,10,0,0,0
22/08/26 19:20,10,0,0,0
22/08/26 19:30,10,0,0,0
22/08/26 19:40,10,0,0,0
22/08/26 19:50,10,0,0,0
22/08/26 20:00,10,0,0,0
23/08/26 08:00,14,,
23/08/26 08:10,10,0,0,0
23/08/26 08:20,10,0,0,0
23/08/26 08:30,10,0,0,0
23/08/26 08:40,10,0,0,0
23/08/26 08:50,10,0,0,0
23/08/26 09:00,10,0,0,0
23/08/26 09:10,10,0,0,0
23/08/26 09:20,10,0,0,0
23/08/26 09:30,10,0,0,0
23/08/26 09:40,10,0,0,0
23/08/26 09:50,10,0,0,0
23/08/26 10:00,10,0,0,0
23/08/26 10:10,10,0,0,0
23/08/26 10:20,10,0,0,0
23/08/26 10:30,10,0,0,0
23/08/26 10:40,10,0,0,0
23/08/26 10:50,10,0,0,0
23/08/26 11:00,10,0,0,0
23/08/26 11:10,10,0,0,0
23/08/26 11:20,10,0,0,0
23/08/26 11:30,10,0,0,0
23/08/26 11:40,10,0,0,0
23/08/26 11:50,10,0,0,0
23/08/26 12:00,10,0,0,0
23/08/26 12:10,10,0,0,0
23/08/26 12:20,10,0,0,0
23/08/26 12:30,10,0,0,0
23/08/26 12:40,10,0,0,0
23/08/26 12:50,10,0,0,0
23/08/26 13:00,10,0,0,0
23/08/26 13:10,10,0,0,0
23/08/26 13:20,10,0,0,0
23/08/26 13:30,10,0,0,0
23/08/26 13:40,10,0,0,0
23/08/26 13:50,10,0,0,0
23/08/26 14:00,10,0,0,0
23/08/26 14:10,10,0,0,0
23/08/26 14:20,10,0,0,0
23/08/26 14:30,10,0,0,0
23/08/26 14:40,10,0,0,0
23/08/26 14:50,10,0,0,0
23/08/26 15:00,10,0,0,0
23/08/26 15:10,10,0,0,0
23/08/26 15:20,10,0,0,0
23/08/26 15:30,10,0,0,0
23/08/26 15:40,10,0,0,0
23/08/26 15:50,10,0,0,0
23/08/26 16:00,10,0,0,0
23/08/26 16:10,10,0,0,0
23/08/26 16:20,10,0,0,0
23/08/26 16:30,10,0,0,0
23/08/26 16:40,10,0,0,0
23/08/26 16:50,10,0,0,0
23/08/26 17:00,10,0,0,0
23/08/26 17:10,10,0,0,0
23/08/26 17:20,10,0,0,0
23/08/26 17:30,10,0,0,0
23/08/26 17:40,10,0,0,0
23/08/26 17:50,10,0,0,0
23/08/26 18:00,10,0,0,0
23/08/26 18:10,10,0,0,0
23/08/26 18:20,10,0,0,0
23/08/26 18:30,10,0,0,0
23/08/26 18:40,10,0,0,0
23/08/26 18:50,10,0,0,0
23/08/26 19:00,10,0,0,0
23/08/26 19:10,10,0,0,0
23/08/26 19:20,10,0,0,0
23/08/26 19:30,10,0,0,0
23/08/26 19:40,10,0,0,0
23/08/26 19:50,10,0,0,0
23/08/26 20:00,10,0,0,0
24/08/26 08:00,14,,
24/08/26 08:10,10,0,0,0
24/08/26 08:20,10,0,0,0
24/08/26 08:30,10,0,0,0
24/08/26 08:40,10,0,0,0
24/08/26 08:50,10,0,0,0
24/08/26 09:00,10,0,0,0
24/08/26 09:10,10,0,0,0
24/08/26 09:20,10,0,0,0
24/08/26 09:30,10,0,0,0
24/08/26 09:40,10,0,0,0
24/08/26 09:50,10,0,0,0
24/08/26 10:00,10,0,0,0
24/08/26 10:10,10,0,0,0
24/08/26 10:20,10,0,0,0
24/08/26 10:30,10,0,0,0
24/08/26 10:40,10,0,0,0
24/08/26 10:50,10,0,0,0
24/08/26 11:00,10,0,0,0
24/08/26 11:10,10,0,0,0
24/08/26 11:20,10,0,0,0
24/08/26 11:30,10,0,0,0
24/08/26 11:40,10,0,0,0
24/08/26 11:50,10,0,0,0
24/08/26 12:00,10,0,0,0
24/08/26 12:10,10,0,0,0
24/08/26 12:20,10,0,0,0
24/08/26 12:30,10,0,0,0
24/08/26 12:40,10,0,0,0
24/08/26 12:50,10,0,0,0
24/08/26 13:00,10,0,0,0
24/08/26 13:10,10,0,0,0
24/08/26 13:20,10,0,0,0
24/08/26 13:30,10,0,0,0
24/08/26 13:40,10,0,0,0
24/08/26 13:50,10,0,0,0
24/08/26 14:00,10,0,0,0
24/08/26 14:10,10,0,0,0
24/08/26 14:20,10,0,0,0
24/08/26 14:30,10,0,0,0
24/08/26 14:40,10,0,0,0
24/08/26 14:50,10,0,0,0
24/08/26 15:00,10,0,0,0
24/08/26 15:10,10,0,0,0
24/08/26 15:20,10,0,0,0
24/08/26 15:30,10,0,0,0
24/08/26 15:40,10,0,0,0
24/08/26 15:50,10,0,0,0
24/08/26 16:00,10,0,0,0
24/08/26 16:10,10,0,0,0
24/08/26 16:20,10,0,0,0
24/08/26 16:30,10,0,0,0
24/08/26 16:40,10,0,0,0
24/08/26 16:50,10,0,0,0
24/08/26 17:00,10,0,0,0
24/08/26 17:10,10,0,0,0
24/08/26 17:20,10,0,0,0
24/08/26 17:30,10,0,0,0
24/08/26 17:40,10,0,0,0
24/08/26 17:50,10,0,0,0
24/08/26 18:00,10,0,0,0
24/08/26 18:10,10,0,0,0
24/08/26 18:20,10,0,0,0
24/08/26 18:30,10,0,0,0
24/08/26 18:40,10,0,0,0
24/08/26 18:50,10,0,0,0
24/08/26 19:00,10,0,0,0
24/08/26 19:10,10,0,0,0
24/08/26 19:20,10,0,0,0
24/08/26 19:30,10,0,0,0
24/08/26 19:40,10,0,0,0
24/08/26 19:50,10,0,0,0
24/08/26 20:00,10,0,0,0
25/08/26 08:00,14,,
25/08/26 08:10,10,0,0,0
25/08/26 08:20,10,0,0,0
25/08/26 08:30,10,0,0,0
25/08/26 08:40,10,0,0,0
25/08/26 08:50,10,0,0,0
25/08/26 09:00,10,0,0,0
25/08/26 09:10,10,0,0,0
25/08/26 09:20,10,0,0,0
25/08/26 09:30,10,0,0,0
25/08/26 09:40,10,0,0,0
25/08/26 09:50,10,0,0,0
25/08/26 10:00,10,0,0,0
25/08/26 10:10,10,0,0,0
25/08/26 10:20,10,0,0,0
25/08/26 10:30,10,0,0,0
25/08/26 10:40,10,0,0,0
25/08/26 10:50,10,0,0,0
25/08/26 11:00,10,0,0,0
25/08/26 11:10,10,0,0,0
25/08/26 11:20,10,0,0,0
25/08/26 11:30,10,0,0,0
25/08/26 11:40,10,0,0,0
25/08/26 11:50,10,0,0,0
25/08/26 12:00,10,0,0,0
25/08/26 12:10,10,0,0,0
25/08/26 12:20,10,0,0,0
25/08/26 12:30,10,0,0,0
25/08/26 12:40,10,0,0,0
25/08/26 12:50,10,0,0,0
25/08/26 13:00,10,0,0,0
25/08/26 13:10,10,0,0,0
25/08/26 13:20,10,0,0,0
25/08/26 13:30,10,0,0,0
25/08/26 13:40,10,0,0,0
25/08/26 13:50,10,0,0,0
25/08/26 14:00,10,0,0,0
25/08/26 14:10,10,0,0,0
25/08/26 14:20,10,0,0,0
25/08/26 14:30,10,0,0,0
25/08/26 14:40,10,0,0,0
25/08/26 14:50,10,0,0,0
25/08/26 15:00,10,0,0,0
25/08/26 15:10,10,0,0,0
25/08/26 15:20,10,0,0,0
25/08/26 15:30,10,0,0,0
25/08/26 15:40,10,0,0,0
25/08/26 15:50,10,0,0,0
25/08/26 16:00,10,0,0,0
25/08/26 16:10,10,0,0,0
25/08/26 16:20,10,0,0,0
25/08/26 16:30,10,0,0,0
25/08/26 16:40,10,0,0,0
25/08/26 16:50,10,0,0,0
25/08/26 17:00,10,0,0,0
25/08/26 17:10,10,0,0,0
25/08/26 17:20,10,0,0,0
25/08/26 17:30,10,0,0,0
25/08/26 17:40,10,0,0,0
25/08/26 17:50,10,0,0,0
25/08/26 18:00,10,0,0,0
25/08/26 18:10,10,0,0,0
25/08/26 18:20,10,0,0,0
25/08/26 18:30,10,0,0,0
25/08/26 18:40,10,0,0,0
25/08/26 18:50,10,0,0,0
25/08/26 19:00,10,0,0,0
25/08/26 19:10,10,0,0,0
25/08/26 19:20,10,0,0,0
25/08/26 19:30,10,0,0,0
25/08/26 19:40,10,0,0,0
25/08/26 19:50,10,0,0,0
25/08/26 20:00,10,0,0,0
26/08/26 07:50,03,,
26/08/26 08:00,14,,
26/08/26 08:10,10,0,0,0
26/08/26 08:20,10,0,0,0
26/08/26 08:30,10,0,0,0
26/08/26 08:40,10,0,0,0
26/08/26 08:50,10,0,0,0
26/08/26 09:00,10,0,0,0
26/08/26 09:10,10,0,0,0
26/08/26 09:20,10,0,0,0
26/08/26 09:30,10,0,0,0
26/08/26 09:40,10,0,0,0
26/08/26 09:50,10,0,0,0
26/08/26 10:00,10,0,0,0
26/08/26 10:10,10,0,0,0
26/08/26 10:20,10,0,0,0
26/08/26 10:30,10,0,0,0
26/08/26 10:40,10,0,0,0
26/08/26 10:50,10,0,0,0
26/08/26 11:00,10,0,0,0
26/08/26 11:10,10,0,0,0
26/08/26 11:20,10,0,0,0
26/08/26 11:30,10,0,0,0
26/08/26 11:40,10,0,0,0
26/08/26 11:50,10,0,0,0
26/08/26 12:00,10,0,0,0
26/08/26 12:10,10,0,0,0
26/08/26 12:20,10,0,0,0
26/08/26 12:30,10,0,0,0
26/08/26 12:40,10,0,0,0
26/08/26 12:50,10,0,0,0
26/08/26 13:00,10,0,0,0
26/08/26 13:10,10,0,0,0
26/08/26 13:20,10,0,0,0
26/08/26 13:30,10,0,0,0
26/08/26 13:40,10,0,0,0
26/08/26 13:50,10,0,0,0
26/08/26 14:00,10,0,0,0
26/08/26 14:10,10,0,0,0
26/08/26 14:20,10,0,0,0
26/08/26 14:30,10,0,0,0
26/08/26 14:40,10,0,0,0
26/08/26 14:50,10,0,0,0
26/08/26 15:00,10,0,0,0
26/08/26 15:10,10,0,0,0
26/08/26 15:20,10,0,0,0
26/08/26 15:30,10,0,0,0
26/08/26 15:40,10,0,0,0
26/08/26 15:50,10,0,0,0
26/08/26 16:00,10,0,0,0
26/08/26 16:10,10,0,0,0
26/08/26 16:20,10,0,0,0
26/08/26 16:30,10,0,0,0
26/08/26 16:40,10,0,0,0
26/08/26 16:50,10,0,0,0
26/08/26 17:00,10,0,0,0
26/08/26 17:10,10,0,0,0
26/08/26 17:20,10,0,0,0
26/08/26 17:30,10,0,0,0
26/08/26 17:40,10,0,0,0
26/08/26 17:50,10,0,0,0
26/08/26 18:00,10,0,0,0
26/08/26 18:10,10,0,0,0
26/08/26 18:20,10,0,0,0
26/08/26 18:30,10,0,0,0
26/08/26 18:40,10,0,0,0
26/08/26 18:50,10,0,0,0
26/08/26 19:00,10,0,0,0
26/08/26 19:10,10,0,0,0
26/08/26 19:20,10,0,0,0
26/08/26 19:30,10,0,0,0
26/08/26 19:40,10,0,0,0
26/08/26 19:50,10,0,0,0
26/08/26 20:00,10,0,0,0
27/08/26 08:00,14,,
27/08/26 08:10,10,0,0,0
27/08/26 08:20,10,0,0,0
27/08/26 08:30,10,0,0,0
27/08/26 08:40,10,0,0,0
27/08/26 08:50,10,0,0,0
27/08/26 09:00,10,0,0,0
27/08/26 09:10,10,0,0,0
27/08/26 09:20,10,0,0,0
27/08/26 09:30,10,0,0,0
27/08/26 09:40,10,0,0,0
27/08/26 09:50,10,0,0,0
27/08/26 10:00,10,0,0,0
27/08/26 10:10,10,0,0,0
27/08/26 10:20,10,0,0,0
27/08/26 10:30,10,0,0,0
27/08/26 10:40,10,0,0,0
27/08/26 10:50,10,0,0,0
27/08/26 11:00,10,0,0,0
27/08/26 11:10,10,0,0,0
27/08/26 11:20,10,0,0,0
27/08/26 11:30,10,0,0,0
27/08/26 11:40,10,0,0,0
27/08/26 11:50,10,0,0,0
27/08/26 12:00,10,0,0,0
27/08/26 12:10,10,0,0,0
27/08/26 12:20,10,0,0,0
27/08/26 12:30,10,0,0,0
27/08/26 12:40,10,0,0,0
27/08/26 12:50,10,0,0,0
27/08/26 13:00,10,0,0,0
27/08/26 13:10,10,0,0,0
27/08/26 13:20,10,0,0,0
27/08/26 13:30,10,0,0,0
27/08/26 13:40,10,0,0,0
27/08/26 13:50,10,0,0,0
27/08/26 14:00,10,0,0,0
27/08/26 14:10,10,0,0,0
27/08/26 14:20,10,0,0,0
27/08/26 14:30,10,0,0,0
27/08/26 14:40,10,0,0,0
27/08/26 14:50,10,0,0,0
27/08/26 15:00,10,0,0,0
27/08/26 15:10,10,0,0,0
27/08/26 15:20,10,0,0,0
27/08/26 15:30,10,0,0,0
27/08/26 15:40,10,0,0,0
27/08/26 15:50,10,0,0,0
27/08/26 16:00,10,0,0,0
27/08/26 16:10,10,0,0,0
27/08/26 16:20,10,0,0,0
27/08/26 16:30,10,0,0,0
27/08/26 16:40,10,0,0,0
27/08/26 16:50,10,0,0,0
27/08/26 17:00,10,0,0,0
27/08/26 17:10,10,0,0,0
27/08/26 17:20,10,0,0,0
27/08/26 17:30,10,0,0,0
27/08/26 17:40,10,0,0,0
27/08/26 17:50,10,0,0,0
27/08/26 18:00,10,0,0,0
27/08/26 18:10,10,0,0,0
27/08/26 18:20,10,0,0,0
27/08/26 18:30,10,0,0,0
27/08/26 18:40,10,0,0,0
27/08/26 18:50,10,0,0,0
27/08/26 19:00,10,0,0,0
27/08/26 19:10,10,0,0,0
27/08/26 19:20,10,0,0,0
27/08/26 19:30,10,0,0,0
27/08/26 19:40,10,0,0,0
27/08/26 19:50,10,0,0,0
27/08/26 20:00,10,0,0,0
28/08/26 08:00,14,,
28/08/26 08:10,10,0,0,0
28/08/26 08:20,10,0,0,0
28/08/26 08:30,10,0,0,0
28/08/26 08:40,10,0,0,0
28/08/26 08:50,10,0,0,0
28/08/26 09:00,10,0,0,0
28/08/26 09:10,10,0,0,0
28/08/26 09:20,10,0,0,0
28/08/26 09:30,10,0,0,0
28/08/26 09:40,10,0,0,0
28/08/26 09:50,10,0,0,0
28/08/26 10:00,10,0,0,0
28/08/26 10:10,10,0,0,0
28/08/26 10:20,10,0,0,0
28/08/26 10:30,10,0,0,0
28/08/26 10:40,10,0,0,0
28/08/26 10:50,10,2,1,6
28/08/26 10:54,13,,
28/08/26 11:00,10,5,3,11
28/08/26 11:10,10,7,3,12
28/08/26 11:20,10,7,5,3
28/08/26 11:22,13,,
28/08/26 11:30,10,3,6,2
28/08/26 11:40,10,9,11,4
28/08/26 11:50,10,11,13,11
28/08/26 11:53,13,,
28/08/26 12:00,10,9,17,4
28/08/26 12:10,10,3,16,8
28/08/26 12:20,10,6,11,11
28/08/26 12:22,13,,
28/08/26 12:30,10,0,6,0
28/08/26 12:40,10,3,6,5
28/08/26 12:50,10,4,4,6
28/08/26 13:00,10,0,2,4
28/08/26 13:01,13,,
28/08/26 13:10,10,1,1,3
28/08/26 13:20,10,6,6,0
28/08/26 13:30,10,7,7,11
28/08/26 13:31,13,,
28/08/26 13:40,10,0,2,0
28/08/26 13:50,10,0,2,0
28/08/26 14:00,10,4,3,3
28/08/26 14:10,10,7,6,6
28/08/26 14:17,12,,
28/08/26 14:18,28,28,
28/08/26 14:20,10,10,12,2
28/08/26 14:30,10,4,14,12
28/08/26 14:40,10,6,4,10
28/08/26 14:50,10,9,6,4
28/08/26 15:00,10,6,9,5
28/08/26 15:10,10,7,8,7
28/08/26 15:20,10,10,11,7
28/08/26 15:30,10,8,14,11
28/08/26 15:40,10,9,10,6
28/08/26 15:50,10,9,15,8
28/08/26 16:00,10,6,12,15
28/08/26 16:10,10,8,4,8
28/08/26 16:20,10,9,7,7
28/08/26 16:30,10,1,6,4
28/08/26 16:40,10,2,5,0
28/08/26 16:50,10,6,9,2
28/08/26 17:00,10,9,9,13
28/08/26 17:10,10,10,9,6
28/08/26 17:20,10,8,13,6
28/08/26 17:30,10,7,11,11
28/08/26 17:40,10,9,9,10
28/08/26 17:50,10,15,9,21
28/08/26 18:00,10,6,3,6
28/08/26 18:10,10,5,3,7
28/08/26 18:12,02,,
28/08/26 18:12,01,,
28/08/26 18:12,12,,
28/08/26 18:18,02,,
28/08/26 18:19,01,,
28/08/26 18:20,10,6,8,4
28/08/26 18:19,02,,
28/08/26 18:25,01,,
28/08/26 18:25,12,,
28/08/26 18:30,10,1,5,2
28/08/26 18:40,10,4,4,5
28/08/26 18:50,10,6,4,6
28/08/26 18:56,12,,
28/08/26 19:00,10,0,4,4
28/08/26 19:10,10,2,1,11
28/08/26 19:20,10,0,0,3
28/08/26 19:30,10,0,0,0
28/08/26 19:40,10,0,0,0
28/08/26 19:50,10,0,0,0
28/08/26 20:00,10,0,0,0
29/08/26 08:00,14,,
29/08/26 08:00,12,,
29/08/26 08:01,28,27,
29/08/26 08:10,10,0,0,0
29/08/26 08:20,10,0,0,0
29/08/26 08:30,10,1,1,0
29/08/26 08:40,10,0,1,0
29/08/26 08:50,10,0,1,0
29/08/26 09:00,10,0,1,0
29/08/26 09:10,10,0,1,0
29/08/26 09:20,10,0,1,0
29/08/26 09:30,10,0,1,1
29/08/26 09:40,10,0,0,0
29/08/26 09:50,10,6,6,0
29/08/26 10:00,10,12,18,0
29/08/26 10:10,10,10,20,9
29/08/26 10:20,10,12,26,11
29/08/26 10:30,10,5,21,12
29/08/26 10:40,10,5,17,2
29/08/26 10:50,10,3,17,5
29/08/26 11:00,10,6,16,9
29/08/26 11:10,10,12,20,10
29/08/26 11:15,12,,
29/08/26 11:20,10,15,15,13
29/08/26 11:30,10,8,17,8
29/08/26 11:40,10,18,23,10
29/08/26 11:50,10,6,23,15
29/08/26 12:00,10,12,17,9
29/08/26 12:10,10,16,21,18
29/08/26 12:20,10,2,15,9
29/08/26 12:30,10,9,15,2
29/08/26 12:40,10,9,18,8
29/08/26 12:50,10,5,16,5
29/08/26 13:00,10,13,21,9
29/08/26 13:10,10,9,22,12
29/08/26 13:20,10,4,17,15
29/08/26 13:30,10,7,7,7
29/08/26 13:40,10,8,8,7
29/08/26 13:50,10,7,8,8
29/08/26 14:00,10,7,11,8
29/08/26 14:10,10,11,7,13
29/08/26 14:20,10,10,13,6
29/08/26 14:30,10,11,8,13
29/08/26 14:40,10,7,8,12
29/08/26 14:50,10,3,2,5
29/08/26 15:00,10,7,4,7
29/08/26 15:10,10,7,6,5
29/08/26 15:20,10,5,6,7
29/08/26 15:30,10,6,7,8
29/08/26 15:40,10,14,6,10
29/08/26 15:50,10,8,7,10
29/08/26 16:00,10,12,11,5
29/08/26 16:10,10,12,12,17
29/08/26 16:20,10,6,7,7
29/08/26 16:30,10,6,7,4
29/08/26 16:40,10,8,12,7
29/08/26 16:50,10,4,10,6
29/08/26 17:00,10,6,10,2
29/08/26 17:10,10,3,11,3
29/08/26 17:20,10,5,11,7
29/08/26 17:30,10,10,9,14
29/08/26 17:40,10,4,7,3
29/08/26 17:50,10,7,6,11
29/08/26 18:00,10,8,6,6
29/08/26 18:10,10,8,7,9
29/08/26 18:20,10,5,6,2
29/08/26 18:30,10,5,8,8
29/08/26 18:40,10,6,4,10
29/08/26 18:50,10,1,1,6
29/08/26 18:56,12,,
29/08/26 19:00,10,3,2,3
29/08/26 19:10,10,0,2,9
29/08/26 19:20,10,0,0,0
29/08/26 19:30,10,0,0,0
29/08/26 19:40,10,0,0,0
29/08/26 19:50,10,0,0,0
29/08/26 20:00,10,0,0,0
30/08/26 08:00,14,,
30/08/26 08:00,12,,
30/08/26 08:01,28,27,
30/08/26 08:10,10,0,0,0
30/08/26 08:20,10,0,0,0
30/08/26 08:30,10,0,0,0
30/08/26 08:40,10,1,1,0
30/08/26 08:50,10,0,1,1
30/08/26 09:00,10,1,1,0
30/08/26 09:10,10,0,1,1
30/08/26 09:20,10,0,0,0
30/08/26 09:30,10,1,1,0
30/08/26 09:40,10,1,2,0
30/08/26 09:50,10,4,6,0
30/08/26 10:00,10,1,6,1
30/08/26 10:10,10,7,12,1
30/08/26 10:20,10,5,13,6
30/08/26 10:30,10,2,11,6
30/08/26 10:40,10,4,10,2
30/08/26 10:50,10,8,17,1
30/08/26 11:00,10,6,18,8
30/08/26 11:10,10,4,14,10
30/08/26 11:20,10,3,8,4
30/08/26 11:30,10,5,11,3
30/08/26 11:40,10,9,13,8
30/08/26 11:50,10,6,11,8
30/08/26 12:00,10,3,10,3
30/08/26 12:10,10,9,15,10
30/08/26 12:20,10,9,13,4
30/08/26 12:30,10,5,12,9
30/08/26 12:40,10,5,10,9
30/08/26 12:50,10,4,6,10
30/08/26 13:00,10,10,6,4
30/08/26 13:10,10,7,9,6
30/08/26 13:20,10,4,9,6
30/08/26 13:30,10,5,9,2
30/08/26 13:40,10,7,10,14
30/08/26 13:50,10,0,2,7
30/08/26 14:00,10,4,2,2
30/08/26 14:10,10,3,3,4
30/08/26 14:20,10,3,3,3
30/08/26 14:30,10,3,3,2
30/08/26 14:40,10,10,7,6
30/08/26 14:50,10,4,6,6
30/08/26 15:00,10,5,6,4
30/08/26 15:10,10,8,11,2
30/08/26 15:20,10,4,13,4
30/08/26 15:30,10,5,12,10
30/08/26 15:40,10,9,8,7
30/08/26 15:50,10,5,8,9
30/08/26 16:00,10,4,4,9
30/08/26 16:10,10,3,3,2
30/08/26 16:20,10,7,9,6
30/08/26 16:30,10,7,8,6
30/08/26 16:40,10,6,6,4
30/08/26 16:50,10,3,8,6
30/08/26 17:00,10,5,5,3
30/08/26 17:10,10,5,8,2
30/08/26 17:20,10,2,9,6
30/08/26 17:30,10,7,6,7
30/08/26 17:40,10,2,5,7
30/08/26 17:50,10,5,4,2
30/08/26 18:00,10,5,8,1
30/08/26 18:10,10,2,9,5
30/08/26 18:20,10,1,6,0
30/08/26 18:30,10,6,9,8
30/08/26 18:40,10,4,8,0
30/08/26 18:50,10,3,9,5
30/08/26 19:00,10,1,6,5
30/08/26 19:10,10,0,2,7
30/08/26 19:20,10,0,0,0
30/08/26 19:30,10,2,1,1
30/08/26 19:40,10,0,1,1
30/08/26 19:50,10,1,1,0
30/08/26 20:00,10,0,1,0
31/08/26 08:00,14,,
31/08/26 08:00,12,,
31/08/26 08:01,28,27,
31/08/26 08:10,10,1,1,0
31/08/26 08:20,10,1,1,1
31/08/26 08:30,10,3,4,0
31/08/26 08:40,10,1,5,0
31/08/26 08:50,10,3,8,0
31/08/26 09:00,10,2,9,1
31/08/26 09:10,10,6,11,7
31/08/26 09:20,10,2,10,0
31/08/26 09:30,10,0,10,1
31/08/26 09:40,10,1,10,3
31/08/26 09:50,10,7,13,2
31/08/26 10:00,10,2,13,3
31/08/26 10:10,10,4,15,2
31/08/26 10:20,10,6,17,3
31/08/26 10:30,10,5,18,8
31/08/26 10:40,10,9,20,6
31/08/26 10:50,10,7,17,7
31/08/26 11:00,10,7,21,10
31/08/26 11:10,10,3,13,8
31/08/26 11:20,10,9,13,4
31/08/26 11:30,10,5,13,8
31/08/26 11:40,10,6,12,8
31/08/26 11:50,10,4,8,5
31/08/26 12:00,10,6,11,2
31/08/26 12:10,10,5,15,7
31/08/26 12:20,10,3,11,6
31/08/26 12:30,10,5,8,7
31/08/26 12:40,10,9,8,5
31/08/26 12:50,10,7,10,9
31/08/26 13:00,10,16,11,12
31/08/26 13:10,10,9,12,14
31/08/26 13:20,10,20,12,19
31/08/26 13:30,10,9,11,12
31/08/26 13:40,10,6,7,6
31/08/26 13:50,10,7,7,3
31/08/26 14:00,10,7,9,10
31/08/26 14:10,10,13,10,7
31/08/26 14:20,10,4,11,10
